Model,Mean Final Test F1 Score,STD of Final Test F1 Score,Mean Avg. Prediction Entropy,STD of Avg. Prediction Entropy
Baseline (Most Frequent),0.24324324324324326,0.0,,
Elastic Net,0.49085117999080374,0.11295471346060913,1.1130303427140442,0.07557979019164045
KNN,0.5295080712178414,0.06635556891973458,0.45538360271985906,0.41951245630430223
Random Forest,0.6093993096404736,0.06533865130007427,0.9108744195061362,0.08189493225559644
SVC,0.5660571297639907,0.156008446166556,0.9970340617795166,0.026906725287536376
